timestamp,num_requests
1995-08-28 00:00:00-04:00,1493
1995-08-28 00:10:00-04:00,1543
1995-08-28 00:20:00-04:00,1265
1995-08-28 00:30:00-04:00,1116
1995-08-28 00:40:00-04:00,1567
1995-08-28 00:50:00-04:00,1494
1995-08-28 01:00:00-04:00,1006
1995-08-28 01:10:00-04:00,1036
1995-08-28 01:20:00-04:00,1045
1995-08-28 01:30:00-04:00,1200
1995-08-28 01:40:00-04:00,978
1995-08-28 01:50:00-04:00,1048
1995-08-28 02:00:00-04:00,1225
1995-08-28 02:10:00-04:00,1009
1995-08-28 02:20:00-04:00,1052
1995-08-28 02:30:00-04:00,1070
1995-08-28 02:40:00-04:00,1066
1995-08-28 02:50:00-04:00,1062
1995-08-28 03:00:00-04:00,933
1995-08-28 03:10:00-04:00,1012
1995-08-28 03:20:00-04:00,851
1995-08-28 03:30:00-04:00,995
1995-08-28 03:40:00-04:00,966
1995-08-28 03:50:00-04:00,1033
1995-08-28 04:00:00-04:00,892
1995-08-28 04:10:00-04:00,608
1995-08-28 04:20:00-04:00,911
1995-08-28 04:30:00-04:00,714
1995-08-28 04:40:00-04:00,729
1995-08-28 04:50:00-04:00,781
1995-08-28 05:00:00-04:00,691
1995-08-28 05:10:00-04:00,649
1995-08-28 05:20:00-04:00,680
1995-08-28 05:30:00-04:00,674
1995-08-28 05:40:00-04:00,1071
1995-08-28 05:50:00-04:00,1013
1995-08-28 06:00:00-04:00,851
1995-08-28 06:10:00-04:00,778
1995-08-28 06:20:00-04:00,916
1995-08-28 06:30:00-04:00,787
1995-08-28 06:40:00-04:00,796
1995-08-28 06:50:00-04:00,759
1995-08-28 07:00:00-04:00,974
1995-08-28 07:10:00-04:00,928
1995-08-28 07:20:00-04:00,846
1995-08-28 07:30:00-04:00,1234
1995-08-28 07:40:00-04:00,1022
1995-08-28 07:50:00-04:00,959
1995-08-28 08:00:00-04:00,1250
1995-08-28 08:10:00-04:00,1156
1995-08-28 08:20:00-04:00,972
1995-08-28 08:30:00-04:00,1509
1995-08-28 08:40:00-04:00,1190
1995-08-28 08:50:00-04:00,1447
1995-08-28 09:00:00-04:00,1551
1995-08-28 09:10:00-04:00,1314
1995-08-28 09:20:00-04:00,1465
1995-08-28 09:30:00-04:00,1531
1995-08-28 09:40:00-04:00,1635
1995-08-28 09:50:00-04:00,1728
1995-08-28 10:00:00-04:00,1624
1995-08-28 10:10:00-04:00,2053
1995-08-28 10:20:00-04:00,2108
1995-08-28 10:30:00-04:00,2097
1995-08-28 10:40:00-04:00,2135
1995-08-28 10:50:00-04:00,2034
1995-08-28 11:00:00-04:00,2390
1995-08-28 11:10:00-04:00,2389
1995-08-28 11:20:00-04:00,2318
1995-08-28 11:30:00-04:00,2265
1995-08-28 11:40:00-04:00,2235
1995-08-28 11:50:00-04:00,2293
1995-08-28 12:00:00-04:00,2170
1995-08-28 12:10:00-04:00,2626
1995-08-28 12:20:00-04:00,2265
1995-08-28 12:30:00-04:00,2418
1995-08-28 12:40:00-04:00,2333
1995-08-28 12:50:00-04:00,2683
1995-08-28 13:00:00-04:00,2362
1995-08-28 13:10:00-04:00,2739
1995-08-28 13:20:00-04:00,2651
1995-08-28 13:30:00-04:00,1827
1995-08-28 13:40:00-04:00,2237
1995-08-28 13:50:00-04:00,2463
1995-08-28 14:00:00-04:00,2742
1995-08-28 14:10:00-04:00,2328
1995-08-28 14:20:00-04:00,2661
1995-08-28 14:30:00-04:00,2662
1995-08-28 14:40:00-04:00,2603
1995-08-28 14:50:00-04:00,1821
1995-08-28 15:00:00-04:00,2996
1995-08-28 15:10:00-04:00,2774
1995-08-28 15:20:00-04:00,2530
1995-08-28 15:30:00-04:00,2959
1995-08-28 15:40:00-04:00,2824
1995-08-28 15:50:00-04:00,2788
1995-08-28 16:00:00-04:00,2228
1995-08-28 16:10:00-04:00,3415
1995-08-28 16:20:00-04:00,2998
1995-08-28 16:30:00-04:00,2360
1995-08-28 16:40:00-04:00,2632
1995-08-28 16:50:00-04:00,2374
1995-08-28 17:00:00-04:00,2605
1995-08-28 17:10:00-04:00,2424
1995-08-28 17:20:00-04:00,2359
1995-08-28 17:30:00-04:00,2724
1995-08-28 17:40:00-04:00,2277
1995-08-28 17:50:00-04:00,2146
1995-08-28 18:00:00-04:00,2343
1995-08-28 18:10:00-04:00,2243
1995-08-28 18:20:00-04:00,2660
1995-08-28 18:30:00-04:00,2210
1995-08-28 18:40:00-04:00,2218
1995-08-28 18:50:00-04:00,1771
1995-08-28 19:00:00-04:00,2052
1995-08-28 19:10:00-04:00,2206
1995-08-28 19:20:00-04:00,2491
1995-08-28 19:30:00-04:00,2156
1995-08-28 19:40:00-04:00,1853
1995-08-28 19:50:00-04:00,1922
1995-08-28 20:00:00-04:00,1618
1995-08-28 20:10:00-04:00,1864
1995-08-28 20:20:00-04:00,1924
1995-08-28 20:30:00-04:00,2017
1995-08-28 20:40:00-04:00,1595
1995-08-28 20:50:00-04:00,1870
1995-08-28 21:00:00-04:00,1694
1995-08-28 21:10:00-04:00,2051
1995-08-28 21:20:00-04:00,2363
1995-08-28 21:30:00-04:00,1659
1995-08-28 21:40:00-04:00,1985
1995-08-28 21:50:00-04:00,1715
1995-08-28 22:00:00-04:00,1792
1995-08-28 22:10:00-04:00,2112
1995-08-28 22:20:00-04:00,1875
1995-08-28 22:30:00-04:00,1505
1995-08-28 22:40:00-04:00,1847
1995-08-28 22:50:00-04:00,1756
1995-08-28 23:00:00-04:00,1644
1995-08-28 23:10:00-04:00,1649
1995-08-28 23:20:00-04:00,2141
1995-08-28 23:30:00-04:00,2120
1995-08-28 23:40:00-04:00,1802
1995-08-28 23:50:00-04:00,1577
1995-08-29 00:00:00-04:00,1402
1995-08-29 00:10:00-04:00,1623
1995-08-29 00:20:00-04:00,1425
1995-08-29 00:30:00-04:00,1372
1995-08-29 00:40:00-04:00,1563
1995-08-29 00:50:00-04:00,1382
1995-08-29 01:00:00-04:00,1535
1995-08-29 01:10:00-04:00,1484
1995-08-29 01:20:00-04:00,1208
1995-08-29 01:30:00-04:00,1329
1995-08-29 01:40:00-04:00,1330
1995-08-29 01:50:00-04:00,1217
1995-08-29 02:00:00-04:00,1255
1995-08-29 02:10:00-04:00,953
1995-08-29 02:20:00-04:00,1613
1995-08-29 02:30:00-04:00,1271
1995-08-29 02:40:00-04:00,1178
1995-08-29 02:50:00-04:00,1076
1995-08-29 03:00:00-04:00,762
1995-08-29 03:10:00-04:00,776
1995-08-29 03:20:00-04:00,930
1995-08-29 03:30:00-04:00,840
1995-08-29 03:40:00-04:00,803
1995-08-29 03:50:00-04:00,802
1995-08-29 04:00:00-04:00,859
1995-08-29 04:10:00-04:00,758
1995-08-29 04:20:00-04:00,702
1995-08-29 04:30:00-04:00,620
1995-08-29 04:40:00-04:00,709
1995-08-29 04:50:00-04:00,784
1995-08-29 05:00:00-04:00,715
1995-08-29 05:10:00-04:00,833
1995-08-29 05:20:00-04:00,925
1995-08-29 05:30:00-04:00,677
1995-08-29 05:40:00-04:00,825
1995-08-29 05:50:00-04:00,744
1995-08-29 06:00:00-04:00,760
1995-08-29 06:10:00-04:00,800
1995-08-29 06:20:00-04:00,796
1995-08-29 06:30:00-04:00,782
1995-08-29 06:40:00-04:00,1086
1995-08-29 06:50:00-04:00,1079
1995-08-29 07:00:00-04:00,1137
1995-08-29 07:10:00-04:00,817
1995-08-29 07:20:00-04:00,1146
1995-08-29 07:30:00-04:00,1142
1995-08-29 07:40:00-04:00,978
1995-08-29 07:50:00-04:00,1255
1995-08-29 08:00:00-04:00,1179
1995-08-29 08:10:00-04:00,1388
1995-08-29 08:20:00-04:00,1583
1995-08-29 08:30:00-04:00,1496
1995-08-29 08:40:00-04:00,1873
1995-08-29 08:50:00-04:00,1802
1995-08-29 09:00:00-04:00,1625
1995-08-29 09:10:00-04:00,1738
1995-08-29 09:20:00-04:00,1592
1995-08-29 09:30:00-04:00,2081
1995-08-29 09:40:00-04:00,2012
1995-08-29 09:50:00-04:00,1630
1995-08-29 10:00:00-04:00,1910
1995-08-29 10:10:00-04:00,2171
1995-08-29 10:20:00-04:00,2262
1995-08-29 10:30:00-04:00,1751
1995-08-29 10:40:00-04:00,2622
1995-08-29 10:50:00-04:00,2566
1995-08-29 11:00:00-04:00,2113
1995-08-29 11:10:00-04:00,2224
1995-08-29 11:20:00-04:00,1924
1995-08-29 11:30:00-04:00,2140
1995-08-29 11:40:00-04:00,2191
1995-08-29 11:50:00-04:00,2322
1995-08-29 12:00:00-04:00,2176
1995-08-29 12:10:00-04:00,2448
1995-08-29 12:20:00-04:00,2495
1995-08-29 12:30:00-04:00,2685
1995-08-29 12:40:00-04:00,2729
1995-08-29 12:50:00-04:00,2798
1995-08-29 13:00:00-04:00,2785
1995-08-29 13:10:00-04:00,2720
1995-08-29 13:20:00-04:00,2759
1995-08-29 13:30:00-04:00,2585
1995-08-29 13:40:00-04:00,2674
1995-08-29 13:50:00-04:00,2734
1995-08-29 14:00:00-04:00,2570
1995-08-29 14:10:00-04:00,3140
1995-08-29 14:20:00-04:00,2724
1995-08-29 14:30:00-04:00,3049
1995-08-29 14:40:00-04:00,3448
1995-08-29 14:50:00-04:00,2429
1995-08-29 15:00:00-04:00,2763
1995-08-29 15:10:00-04:00,2577
1995-08-29 15:20:00-04:00,2531
1995-08-29 15:30:00-04:00,2842
1995-08-29 15:40:00-04:00,2997
1995-08-29 15:50:00-04:00,3298
1995-08-29 16:00:00-04:00,2704
1995-08-29 16:10:00-04:00,3376
1995-08-29 16:20:00-04:00,3154
1995-08-29 16:30:00-04:00,3116
1995-08-29 16:40:00-04:00,2869
1995-08-29 16:50:00-04:00,2840
1995-08-29 17:00:00-04:00,2746
1995-08-29 17:10:00-04:00,2994
1995-08-29 17:20:00-04:00,3003
1995-08-29 17:30:00-04:00,2634
1995-08-29 17:40:00-04:00,2438
1995-08-29 17:50:00-04:00,2613
1995-08-29 18:00:00-04:00,2528
1995-08-29 18:10:00-04:00,2446
1995-08-29 18:20:00-04:00,2570
1995-08-29 18:30:00-04:00,2325
1995-08-29 18:40:00-04:00,2287
1995-08-29 18:50:00-04:00,2148
1995-08-29 19:00:00-04:00,2898
1995-08-29 19:10:00-04:00,2493
1995-08-29 19:20:00-04:00,2110
1995-08-29 19:30:00-04:00,2357
1995-08-29 19:40:00-04:00,1741
1995-08-29 19:50:00-04:00,2016
1995-08-29 20:00:00-04:00,1684
1995-08-29 20:10:00-04:00,2255
1995-08-29 20:20:00-04:00,1516
1995-08-29 20:30:00-04:00,1934
1995-08-29 20:40:00-04:00,1934
1995-08-29 20:50:00-04:00,1776
1995-08-29 21:00:00-04:00,2313
1995-08-29 21:10:00-04:00,1528
1995-08-29 21:20:00-04:00,2011
1995-08-29 21:30:00-04:00,1646
1995-08-29 21:40:00-04:00,1782
1995-08-29 21:50:00-04:00,1750
1995-08-29 22:00:00-04:00,1867
1995-08-29 22:10:00-04:00,1596
1995-08-29 22:20:00-04:00,1474
1995-08-29 22:30:00-04:00,1977
1995-08-29 22:40:00-04:00,1636
1995-08-29 22:50:00-04:00,1859
1995-08-29 23:00:00-04:00,1881
1995-08-29 23:10:00-04:00,2068
1995-08-29 23:20:00-04:00,1853
1995-08-29 23:30:00-04:00,1632
1995-08-29 23:40:00-04:00,1453
1995-08-29 23:50:00-04:00,1376
1995-08-30 00:00:00-04:00,1223
1995-08-30 00:10:00-04:00,1748
1995-08-30 00:20:00-04:00,1628
1995-08-30 00:30:00-04:00,1701
1995-08-30 00:40:00-04:00,1545
1995-08-30 00:50:00-04:00,1329
1995-08-30 01:00:00-04:00,1371
1995-08-30 01:10:00-04:00,1569
1995-08-30 01:20:00-04:00,1446
1995-08-30 01:30:00-04:00,1236
1995-08-30 01:40:00-04:00,1271
1995-08-30 01:50:00-04:00,1066
1995-08-30 02:00:00-04:00,1277
1995-08-30 02:10:00-04:00,1106
1995-08-30 02:20:00-04:00,1279
1995-08-30 02:30:00-04:00,904
1995-08-30 02:40:00-04:00,1209
1995-08-30 02:50:00-04:00,1037
1995-08-30 03:00:00-04:00,860
1995-08-30 03:10:00-04:00,994
1995-08-30 03:20:00-04:00,1124
1995-08-30 03:30:00-04:00,834
1995-08-30 03:40:00-04:00,705
1995-08-30 03:50:00-04:00,719
1995-08-30 04:00:00-04:00,956
1995-08-30 04:10:00-04:00,882
1995-08-30 04:20:00-04:00,721
1995-08-30 04:30:00-04:00,924
1995-08-30 04:40:00-04:00,926
1995-08-30 04:50:00-04:00,809
1995-08-30 05:00:00-04:00,932
1995-08-30 05:10:00-04:00,957
1995-08-30 05:20:00-04:00,937
1995-08-30 05:30:00-04:00,649
1995-08-30 05:40:00-04:00,723
1995-08-30 05:50:00-04:00,686
1995-08-30 06:00:00-04:00,712
1995-08-30 06:10:00-04:00,636
1995-08-30 06:20:00-04:00,800
1995-08-30 06:30:00-04:00,856
1995-08-30 06:40:00-04:00,821
1995-08-30 06:50:00-04:00,999
1995-08-30 07:00:00-04:00,867
1995-08-30 07:10:00-04:00,855
1995-08-30 07:20:00-04:00,1054
1995-08-30 07:30:00-04:00,1273
1995-08-30 07:40:00-04:00,1510
1995-08-30 07:50:00-04:00,1105
1995-08-30 08:00:00-04:00,1150
1995-08-30 08:10:00-04:00,1643
1995-08-30 08:20:00-04:00,1140
1995-08-30 08:30:00-04:00,1331
1995-08-30 08:40:00-04:00,1598
1995-08-30 08:50:00-04:00,2032
1995-08-30 09:00:00-04:00,1633
1995-08-30 09:10:00-04:00,1687
1995-08-30 09:20:00-04:00,1882
1995-08-30 09:30:00-04:00,1947
1995-08-30 09:40:00-04:00,1766
1995-08-30 09:50:00-04:00,1625
1995-08-30 10:00:00-04:00,2231
1995-08-30 10:10:00-04:00,2263
1995-08-30 10:20:00-04:00,1962
1995-08-30 10:30:00-04:00,2235
1995-08-30 10:40:00-04:00,2145
1995-08-30 10:50:00-04:00,2198
1995-08-30 11:00:00-04:00,1851
1995-08-30 11:10:00-04:00,2516
1995-08-30 11:20:00-04:00,2761
1995-08-30 11:30:00-04:00,2346
1995-08-30 11:40:00-04:00,2164
1995-08-30 11:50:00-04:00,2822
1995-08-30 12:00:00-04:00,2413
1995-08-30 12:10:00-04:00,2771
1995-08-30 12:20:00-04:00,2888
1995-08-30 12:30:00-04:00,2656
1995-08-30 12:40:00-04:00,2577
1995-08-30 12:50:00-04:00,2518
1995-08-30 13:00:00-04:00,2585
1995-08-30 13:10:00-04:00,2451
1995-08-30 13:20:00-04:00,2715
1995-08-30 13:30:00-04:00,2691
1995-08-30 13:40:00-04:00,2669
1995-08-30 13:50:00-04:00,3305
1995-08-30 14:00:00-04:00,3149
1995-08-30 14:10:00-04:00,2976
1995-08-30 14:20:00-04:00,3138
1995-08-30 14:30:00-04:00,3076
1995-08-30 14:40:00-04:00,3196
1995-08-30 14:50:00-04:00,2550
1995-08-30 15:00:00-04:00,3081
1995-08-30 15:10:00-04:00,2791
1995-08-30 15:20:00-04:00,3061
1995-08-30 15:30:00-04:00,2638
1995-08-30 15:40:00-04:00,3096
1995-08-30 15:50:00-04:00,2939
1995-08-30 16:00:00-04:00,2565
1995-08-30 16:10:00-04:00,3154
1995-08-30 16:20:00-04:00,3074
1995-08-30 16:30:00-04:00,2804
1995-08-30 16:40:00-04:00,2742
1995-08-30 16:50:00-04:00,2890
1995-08-30 17:00:00-04:00,2483
1995-08-30 17:10:00-04:00,2600
1995-08-30 17:20:00-04:00,2746
1995-08-30 17:30:00-04:00,2162
1995-08-30 17:40:00-04:00,2694
1995-08-30 17:50:00-04:00,2484
1995-08-30 18:00:00-04:00,3072
1995-08-30 18:10:00-04:00,2446
1995-08-30 18:20:00-04:00,2630
1995-08-30 18:30:00-04:00,2239
1995-08-30 18:40:00-04:00,2546
1995-08-30 18:50:00-04:00,2627
1995-08-30 19:00:00-04:00,2014
1995-08-30 19:10:00-04:00,2267
1995-08-30 19:20:00-04:00,2611
1995-08-30 19:30:00-04:00,2218
1995-08-30 19:40:00-04:00,2352
1995-08-30 19:50:00-04:00,2186
1995-08-30 20:00:00-04:00,1767
1995-08-30 20:10:00-04:00,2511
1995-08-30 20:20:00-04:00,2300
1995-08-30 20:30:00-04:00,1900
1995-08-30 20:40:00-04:00,1901
1995-08-30 20:50:00-04:00,2103
1995-08-30 21:00:00-04:00,1726
1995-08-30 21:10:00-04:00,1934
1995-08-30 21:20:00-04:00,2233
1995-08-30 21:30:00-04:00,1867
1995-08-30 21:40:00-04:00,2135
1995-08-30 21:50:00-04:00,2502
1995-08-30 22:00:00-04:00,1985
1995-08-30 22:10:00-04:00,1931
1995-08-30 22:20:00-04:00,1714
1995-08-30 22:30:00-04:00,1775
1995-08-30 22:40:00-04:00,2103
1995-08-30 22:50:00-04:00,1638
1995-08-30 23:00:00-04:00,1377
1995-08-30 23:10:00-04:00,1613
1995-08-30 23:20:00-04:00,1868
1995-08-30 23:30:00-04:00,1865
1995-08-30 23:40:00-04:00,1845
1995-08-30 23:50:00-04:00,1607
1995-08-31 00:00:00-04:00,1767
1995-08-31 00:10:00-04:00,1677
1995-08-31 00:20:00-04:00,1680
1995-08-31 00:30:00-04:00,1647
1995-08-31 00:40:00-04:00,1424
1995-08-31 00:50:00-04:00,638
1995-08-31 01:00:00-04:00,864
1995-08-31 01:10:00-04:00,923
1995-08-31 01:20:00-04:00,816
1995-08-31 01:30:00-04:00,1095
1995-08-31 01:40:00-04:00,1048
1995-08-31 01:50:00-04:00,1197
1995-08-31 02:00:00-04:00,1135
1995-08-31 02:10:00-04:00,1075
1995-08-31 02:20:00-04:00,1275
1995-08-31 02:30:00-04:00,1135
1995-08-31 02:40:00-04:00,1014
1995-08-31 02:50:00-04:00,997
1995-08-31 03:00:00-04:00,1006
1995-08-31 03:10:00-04:00,950
1995-08-31 03:20:00-04:00,1006
1995-08-31 03:30:00-04:00,757
1995-08-31 03:40:00-04:00,1200
1995-08-31 03:50:00-04:00,1090
1995-08-31 04:00:00-04:00,1057
1995-08-31 04:10:00-04:00,969
1995-08-31 04:20:00-04:00,1295
1995-08-31 04:30:00-04:00,758
1995-08-31 04:40:00-04:00,766
1995-08-31 04:50:00-04:00,941
1995-08-31 05:00:00-04:00,790
1995-08-31 05:10:00-04:00,821
1995-08-31 05:20:00-04:00,794
1995-08-31 05:30:00-04:00,1000
1995-08-31 05:40:00-04:00,857
1995-08-31 05:50:00-04:00,706
1995-08-31 06:00:00-04:00,916
1995-08-31 06:10:00-04:00,948
1995-08-31 06:20:00-04:00,718
1995-08-31 06:30:00-04:00,719
1995-08-31 06:40:00-04:00,857
1995-08-31 06:50:00-04:00,913
1995-08-31 07:00:00-04:00,869
1995-08-31 07:10:00-04:00,714
1995-08-31 07:20:00-04:00,1047
1995-08-31 07:30:00-04:00,1019
1995-08-31 07:40:00-04:00,854
1995-08-31 07:50:00-04:00,1304
1995-08-31 08:00:00-04:00,1297
1995-08-31 08:10:00-04:00,1419
1995-08-31 08:20:00-04:00,1397
1995-08-31 08:30:00-04:00,1258
1995-08-31 08:40:00-04:00,1783
1995-08-31 08:50:00-04:00,1562
1995-08-31 09:00:00-04:00,1678
1995-08-31 09:10:00-04:00,1911
1995-08-31 09:20:00-04:00,1595
1995-08-31 09:30:00-04:00,1802
1995-08-31 09:40:00-04:00,1844
1995-08-31 09:50:00-04:00,1925
1995-08-31 10:00:00-04:00,1735
1995-08-31 10:10:00-04:00,2102
1995-08-31 10:20:00-04:00,2128
1995-08-31 10:30:00-04:00,2069
1995-08-31 10:40:00-04:00,2277
1995-08-31 10:50:00-04:00,2344
1995-08-31 11:00:00-04:00,2257
1995-08-31 11:10:00-04:00,2123
1995-08-31 11:20:00-04:00,2313
1995-08-31 11:30:00-04:00,2760
1995-08-31 11:40:00-04:00,2786
1995-08-31 11:50:00-04:00,3068
1995-08-31 12:00:00-04:00,2423
1995-08-31 12:10:00-04:00,2393
1995-08-31 12:20:00-04:00,2238
1995-08-31 12:30:00-04:00,2995
1995-08-31 12:40:00-04:00,2688
1995-08-31 12:50:00-04:00,2661
1995-08-31 13:00:00-04:00,2446
1995-08-31 13:10:00-04:00,2339
1995-08-31 13:20:00-04:00,2746
1995-08-31 13:30:00-04:00,2613
1995-08-31 13:40:00-04:00,2570
1995-08-31 13:50:00-04:00,2743
1995-08-31 14:00:00-04:00,2426
1995-08-31 14:10:00-04:00,2683
1995-08-31 14:20:00-04:00,2736
1995-08-31 14:30:00-04:00,2560
1995-08-31 14:40:00-04:00,2600
1995-08-31 14:50:00-04:00,2667
1995-08-31 15:00:00-04:00,2619
1995-08-31 15:10:00-04:00,2642
1995-08-31 15:20:00-04:00,2953
1995-08-31 15:30:00-04:00,2884
1995-08-31 15:40:00-04:00,2389
1995-08-31 15:50:00-04:00,2822
1995-08-31 16:00:00-04:00,2781
1995-08-31 16:10:00-04:00,2842
1995-08-31 16:20:00-04:00,2291
1995-08-31 16:30:00-04:00,2865
1995-08-31 16:40:00-04:00,2982
1995-08-31 16:50:00-04:00,2564
1995-08-31 17:00:00-04:00,2375
1995-08-31 17:10:00-04:00,2656
1995-08-31 17:20:00-04:00,2515
1995-08-31 17:30:00-04:00,2432
1995-08-31 17:40:00-04:00,2519
1995-08-31 17:50:00-04:00,2570
1995-08-31 18:00:00-04:00,2164
1995-08-31 18:10:00-04:00,2263
1995-08-31 18:20:00-04:00,2232
1995-08-31 18:30:00-04:00,2480
1995-08-31 18:40:00-04:00,2833
1995-08-31 18:50:00-04:00,2605
1995-08-31 19:00:00-04:00,2035
1995-08-31 19:10:00-04:00,2418
1995-08-31 19:20:00-04:00,1894
1995-08-31 19:30:00-04:00,2115
1995-08-31 19:40:00-04:00,1747
1995-08-31 19:50:00-04:00,2104
1995-08-31 20:00:00-04:00,2077
1995-08-31 20:10:00-04:00,1767
1995-08-31 20:20:00-04:00,1770
1995-08-31 20:30:00-04:00,2005
1995-08-31 20:40:00-04:00,1847
1995-08-31 20:50:00-04:00,1555
1995-08-31 21:00:00-04:00,1538
1995-08-31 21:10:00-04:00,1749
1995-08-31 21:20:00-04:00,1562
1995-08-31 21:30:00-04:00,2034
1995-08-31 21:40:00-04:00,1478
1995-08-31 21:50:00-04:00,1695
1995-08-31 22:00:00-04:00,1590
1995-08-31 22:10:00-04:00,1797
1995-08-31 22:20:00-04:00,1889
1995-08-31 22:30:00-04:00,1499
1995-08-31 22:40:00-04:00,1781
1995-08-31 22:50:00-04:00,2070
1995-08-31 23:00:00-04:00,1999
1995-08-31 23:10:00-04:00,1303
1995-08-31 23:20:00-04:00,1770
1995-08-31 23:30:00-04:00,1624
1995-08-31 23:40:00-04:00,1782
1995-08-31 23:50:00-04:00,1703
1995-09-01 00:00:00-04:00,1865
1995-09-01 00:10:00-04:00,1408
1995-09-01 00:20:00-04:00,1761
1995-09-01 00:30:00-04:00,1757
1995-09-01 00:40:00-04:00,1760
1995-09-01 00:50:00-04:00,1531
1995-09-01 01:00:00-04:00,1390
1995-09-01 01:10:00-04:00,1513
1995-09-01 01:20:00-04:00,1770
1995-09-01 01:30:00-04:00,1204
1995-09-01 01:40:00-04:00,1105
1995-09-01 01:50:00-04:00,1116
1995-09-01 02:00:00-04:00,1048
1995-09-01 02:10:00-04:00,1207
1995-09-01 02:20:00-04:00,1149
1995-09-01 02:30:00-04:00,1213
1995-09-01 02:40:00-04:00,1234
1995-09-01 02:50:00-04:00,1203
1995-09-01 03:00:00-04:00,1135
1995-09-01 03:10:00-04:00,1032
1995-09-01 03:20:00-04:00,1073
1995-09-01 03:30:00-04:00,1218
1995-09-01 03:40:00-04:00,976
1995-09-01 03:50:00-04:00,862
1995-09-01 04:00:00-04:00,966
1995-09-01 04:10:00-04:00,684
1995-09-01 04:20:00-04:00,757
1995-09-01 04:30:00-04:00,829
1995-09-01 04:40:00-04:00,846
1995-09-01 04:50:00-04:00,718
1995-09-01 05:00:00-04:00,728
1995-09-01 05:10:00-04:00,658
1995-09-01 05:20:00-04:00,863
1995-09-01 05:30:00-04:00,585
1995-09-01 05:40:00-04:00,791
1995-09-01 05:50:00-04:00,769
1995-09-01 06:00:00-04:00,701
1995-09-01 06:10:00-04:00,609
1995-09-01 06:20:00-04:00,764
1995-09-01 06:30:00-04:00,560
1995-09-01 06:40:00-04:00,917
1995-09-01 06:50:00-04:00,730
1995-09-01 07:00:00-04:00,806
1995-09-01 07:10:00-04:00,1027
1995-09-01 07:20:00-04:00,1000
1995-09-01 07:30:00-04:00,1384
1995-09-01 07:40:00-04:00,1425
1995-09-01 07:50:00-04:00,1400
1995-09-01 08:00:00-04:00,1208
1995-09-01 08:10:00-04:00,1303
1995-09-01 08:20:00-04:00,1599
1995-09-01 08:30:00-04:00,1579
1995-09-01 08:40:00-04:00,1555
1995-09-01 08:50:00-04:00,1397
1995-09-01 09:00:00-04:00,1679
1995-09-01 09:10:00-04:00,1618
1995-09-01 09:20:00-04:00,2133
1995-09-01 09:30:00-04:00,2592
1995-09-01 09:40:00-04:00,2036
1995-09-01 09:50:00-04:00,2006
1995-09-01 10:00:00-04:00,1956
1995-09-01 10:10:00-04:00,1874
1995-09-01 10:20:00-04:00,2905
1995-09-01 10:30:00-04:00,2414
1995-09-01 10:40:00-04:00,2514
1995-09-01 10:50:00-04:00,2429
1995-09-01 11:00:00-04:00,2292
1995-09-01 11:10:00-04:00,2604
1995-09-01 11:20:00-04:00,2573
1995-09-01 11:30:00-04:00,2549
1995-09-01 11:40:00-04:00,2549
1995-09-01 11:50:00-04:00,2395
1995-09-01 12:00:00-04:00,2337
1995-09-01 12:10:00-04:00,2912
1995-09-01 12:20:00-04:00,2346
1995-09-01 12:30:00-04:00,2567
1995-09-01 12:40:00-04:00,2765
1995-09-01 12:50:00-04:00,2978
1995-09-01 13:00:00-04:00,2529
1995-09-01 13:10:00-04:00,2940
1995-09-01 13:20:00-04:00,2587
1995-09-01 13:30:00-04:00,2857
1995-09-01 13:40:00-04:00,2293
1995-09-01 13:50:00-04:00,2877
1995-09-01 14:00:00-04:00,2842
1995-09-01 14:10:00-04:00,2936
1995-09-01 14:20:00-04:00,3577
1995-09-01 14:30:00-04:00,2649
1995-09-01 14:40:00-04:00,2279
1995-09-01 14:50:00-04:00,2914
1995-09-01 15:00:00-04:00,3084
1995-09-01 15:10:00-04:00,2896
1995-09-01 15:20:00-04:00,3526
1995-09-01 15:30:00-04:00,3166
1995-09-01 15:40:00-04:00,3200
1995-09-01 15:50:00-04:00,2561
1995-09-01 16:00:00-04:00,3040
1995-09-01 16:10:00-04:00,2429
1995-09-01 16:20:00-04:00,3124
1995-09-01 16:30:00-04:00,2553
1995-09-01 16:40:00-04:00,3126
1995-09-01 16:50:00-04:00,2886
1995-09-01 17:00:00-04:00,2740
1995-09-01 17:10:00-04:00,2704
1995-09-01 17:20:00-04:00,2275
1995-09-01 17:30:00-04:00,3084
1995-09-01 17:40:00-04:00,2188
1995-09-01 17:50:00-04:00,2622
1995-09-01 18:00:00-04:00,2426
1995-09-01 18:10:00-04:00,2197
1995-09-01 18:20:00-04:00,1996
1995-09-01 18:30:00-04:00,2235
1995-09-01 18:40:00-04:00,2451
1995-09-01 18:50:00-04:00,2641
1995-09-01 19:00:00-04:00,2200
1995-09-01 19:10:00-04:00,2308
1995-09-01 19:20:00-04:00,2168
1995-09-01 19:30:00-04:00,1966
1995-09-01 19:40:00-04:00,2149
1995-09-01 19:50:00-04:00,1924
1995-09-01 20:00:00-04:00,1901
1995-09-01 20:10:00-04:00,1771
1995-09-01 20:20:00-04:00,1677
1995-09-01 20:30:00-04:00,1859
1995-09-01 20:40:00-04:00,1343
1995-09-01 20:50:00-04:00,1871
1995-09-01 21:00:00-04:00,1729
1995-09-01 21:10:00-04:00,1979
1995-09-01 21:20:00-04:00,1740
1995-09-01 21:30:00-04:00,1745
1995-09-01 21:40:00-04:00,1744
1995-09-01 21:50:00-04:00,1725
1995-09-01 22:00:00-04:00,1872
1995-09-01 22:10:00-04:00,1961
1995-09-01 22:20:00-04:00,1577
1995-09-01 22:30:00-04:00,1557
1995-09-01 22:40:00-04:00,1628
1995-09-01 22:50:00-04:00,1715
1995-09-01 23:00:00-04:00,1402
1995-09-01 23:10:00-04:00,1707
1995-09-01 23:20:00-04:00,1497
1995-09-01 23:30:00-04:00,1405
1995-09-01 23:40:00-04:00,1238
1995-09-01 23:50:00-04:00,1200
1995-09-02 00:00:00-04:00,1361
1995-09-02 00:10:00-04:00,1571
1995-09-02 00:20:00-04:00,1270
1995-09-02 00:30:00-04:00,1145
1995-09-02 00:40:00-04:00,1664
1995-09-02 00:50:00-04:00,1077
1995-09-02 01:00:00-04:00,1371
1995-09-02 01:10:00-04:00,1426
1995-09-02 01:20:00-04:00,1031
1995-09-02 01:30:00-04:00,942
1995-09-02 01:40:00-04:00,1131
1995-09-02 01:50:00-04:00,855
1995-09-02 02:00:00-04:00,1330
1995-09-02 02:10:00-04:00,1204
1995-09-02 02:20:00-04:00,1270
1995-09-02 02:30:00-04:00,1507
1995-09-02 02:40:00-04:00,1045
1995-09-02 02:50:00-04:00,922
1995-09-02 03:00:00-04:00,760
1995-09-02 03:10:00-04:00,846
1995-09-02 03:20:00-04:00,761
1995-09-02 03:30:00-04:00,670
1995-09-02 03:40:00-04:00,856
1995-09-02 03:50:00-04:00,773
1995-09-02 04:00:00-04:00,602
1995-09-02 04:10:00-04:00,897
1995-09-02 04:20:00-04:00,566
1995-09-02 04:30:00-04:00,678
1995-09-02 04:40:00-04:00,605
1995-09-02 04:50:00-04:00,740
1995-09-02 05:00:00-04:00,572
1995-09-02 05:10:00-04:00,422
1995-09-02 05:20:00-04:00,654
1995-09-02 05:30:00-04:00,581
1995-09-02 05:40:00-04:00,489
1995-09-02 05:50:00-04:00,316
1995-09-02 06:00:00-04:00,360
1995-09-02 06:10:00-04:00,450
1995-09-02 06:20:00-04:00,539
1995-09-02 06:30:00-04:00,474
1995-09-02 06:40:00-04:00,777
1995-09-02 06:50:00-04:00,535
1995-09-02 07:00:00-04:00,653
1995-09-02 07:10:00-04:00,571
1995-09-02 07:20:00-04:00,646
1995-09-02 07:30:00-04:00,594
1995-09-02 07:40:00-04:00,863
1995-09-02 07:50:00-04:00,505
1995-09-02 08:00:00-04:00,683
1995-09-02 08:10:00-04:00,751
1995-09-02 08:20:00-04:00,913
1995-09-02 08:30:00-04:00,677
1995-09-02 08:40:00-04:00,705
1995-09-02 08:50:00-04:00,910
1995-09-02 09:00:00-04:00,880
1995-09-02 09:10:00-04:00,1121
1995-09-02 09:20:00-04:00,950
1995-09-02 09:30:00-04:00,1131
1995-09-02 09:40:00-04:00,874
1995-09-02 09:50:00-04:00,1139
1995-09-02 10:00:00-04:00,823
1995-09-02 10:10:00-04:00,1022
1995-09-02 10:20:00-04:00,971
1995-09-02 10:30:00-04:00,1394
1995-09-02 10:40:00-04:00,1323
1995-09-02 10:50:00-04:00,1398
1995-09-02 11:00:00-04:00,1402
1995-09-02 11:10:00-04:00,1206
1995-09-02 11:20:00-04:00,1536
1995-09-02 11:30:00-04:00,1201
1995-09-02 11:40:00-04:00,1179
1995-09-02 11:50:00-04:00,1019
1995-09-02 12:00:00-04:00,1144
1995-09-02 12:10:00-04:00,1503
1995-09-02 12:20:00-04:00,1484
1995-09-02 12:30:00-04:00,1352
1995-09-02 12:40:00-04:00,1526
1995-09-02 12:50:00-04:00,1403
1995-09-02 13:00:00-04:00,1526
1995-09-02 13:10:00-04:00,1714
1995-09-02 13:20:00-04:00,1750
1995-09-02 13:30:00-04:00,1084
1995-09-02 13:40:00-04:00,1491
1995-09-02 13:50:00-04:00,1656
1995-09-02 14:00:00-04:00,1548
1995-09-02 14:10:00-04:00,1260
1995-09-02 14:20:00-04:00,1631
1995-09-02 14:30:00-04:00,1334
1995-09-02 14:40:00-04:00,1692
1995-09-02 14:50:00-04:00,1501
1995-09-02 15:00:00-04:00,1467
1995-09-02 15:10:00-04:00,1396
1995-09-02 15:20:00-04:00,1232
1995-09-02 15:30:00-04:00,1725
1995-09-02 15:40:00-04:00,1455
1995-09-02 15:50:00-04:00,1844
1995-09-02 16:00:00-04:00,1845
1995-09-02 16:10:00-04:00,1856
1995-09-02 16:20:00-04:00,1736
1995-09-02 16:30:00-04:00,1525
1995-09-02 16:40:00-04:00,1308
1995-09-02 16:50:00-04:00,1581
1995-09-02 17:00:00-04:00,1520
1995-09-02 17:10:00-04:00,1421
1995-09-02 17:20:00-04:00,2092
1995-09-02 17:30:00-04:00,1429
1995-09-02 17:40:00-04:00,1810
1995-09-02 17:50:00-04:00,1755
1995-09-02 18:00:00-04:00,1714
1995-09-02 18:10:00-04:00,1347
1995-09-02 18:20:00-04:00,1340
1995-09-02 18:30:00-04:00,1367
1995-09-02 18:40:00-04:00,1485
1995-09-02 18:50:00-04:00,1338
1995-09-02 19:00:00-04:00,1465
1995-09-02 19:10:00-04:00,1238
1995-09-02 19:20:00-04:00,1313
1995-09-02 19:30:00-04:00,1340
1995-09-02 19:40:00-04:00,1168
1995-09-02 19:50:00-04:00,1304
1995-09-02 20:00:00-04:00,1178
1995-09-02 20:10:00-04:00,1526
1995-09-02 20:20:00-04:00,1513
1995-09-02 20:30:00-04:00,1546
1995-09-02 20:40:00-04:00,1371
1995-09-02 20:50:00-04:00,1223
1995-09-02 21:00:00-04:00,1186
1995-09-02 21:10:00-04:00,1295
1995-09-02 21:20:00-04:00,1178
1995-09-02 21:30:00-04:00,1397
1995-09-02 21:40:00-04:00,1262
1995-09-02 21:50:00-04:00,1209
1995-09-02 22:00:00-04:00,1292
1995-09-02 22:10:00-04:00,1599
1995-09-02 22:20:00-04:00,1303
1995-09-02 22:30:00-04:00,1462
1995-09-02 22:40:00-04:00,1441
1995-09-02 22:50:00-04:00,1369
1995-09-02 23:00:00-04:00,1447
1995-09-02 23:10:00-04:00,1621
1995-09-02 23:20:00-04:00,1228
1995-09-02 23:30:00-04:00,1584
1995-09-02 23:40:00-04:00,1747
1995-09-02 23:50:00-04:00,1542
1995-09-03 00:00:00-04:00,1419
1995-09-03 00:10:00-04:00,1230
1995-09-03 00:20:00-04:00,1404
1995-09-03 00:30:00-04:00,1546
1995-09-03 00:40:00-04:00,1736
1995-09-03 00:50:00-04:00,1670
1995-09-03 01:00:00-04:00,1713
1995-09-03 01:10:00-04:00,1628
1995-09-03 01:20:00-04:00,1620
1995-09-03 01:30:00-04:00,1254
1995-09-03 01:40:00-04:00,1059
1995-09-03 01:50:00-04:00,1530
1995-09-03 02:00:00-04:00,1228
1995-09-03 02:10:00-04:00,1134
1995-09-03 02:20:00-04:00,1251
1995-09-03 02:30:00-04:00,1087
1995-09-03 02:40:00-04:00,1253
1995-09-03 02:50:00-04:00,1168
1995-09-03 03:00:00-04:00,770
1995-09-03 03:10:00-04:00,1172
1995-09-03 03:20:00-04:00,861
1995-09-03 03:30:00-04:00,886
1995-09-03 03:40:00-04:00,927
1995-09-03 03:50:00-04:00,819
1995-09-03 04:00:00-04:00,560
1995-09-03 04:10:00-04:00,637
1995-09-03 04:20:00-04:00,597
1995-09-03 04:30:00-04:00,729
1995-09-03 04:40:00-04:00,469
1995-09-03 04:50:00-04:00,691
1995-09-03 05:00:00-04:00,648
1995-09-03 05:10:00-04:00,603
1995-09-03 05:20:00-04:00,557
1995-09-03 05:30:00-04:00,660
1995-09-03 05:40:00-04:00,568
1995-09-03 05:50:00-04:00,478
1995-09-03 06:00:00-04:00,330
1995-09-03 06:10:00-04:00,481
1995-09-03 06:20:00-04:00,428
1995-09-03 06:30:00-04:00,569
1995-09-03 06:40:00-04:00,588
1995-09-03 06:50:00-04:00,576
1995-09-03 07:00:00-04:00,429
1995-09-03 07:10:00-04:00,412
1995-09-03 07:20:00-04:00,707
1995-09-03 07:30:00-04:00,491
1995-09-03 07:40:00-04:00,779
1995-09-03 07:50:00-04:00,675
1995-09-03 08:00:00-04:00,728
1995-09-03 08:10:00-04:00,749
1995-09-03 08:20:00-04:00,628
1995-09-03 08:30:00-04:00,733
1995-09-03 08:40:00-04:00,553
1995-09-03 08:50:00-04:00,579
1995-09-03 09:00:00-04:00,646
1995-09-03 09:10:00-04:00,995
1995-09-03 09:20:00-04:00,952
1995-09-03 09:30:00-04:00,932
1995-09-03 09:40:00-04:00,873
1995-09-03 09:50:00-04:00,988
1995-09-03 10:00:00-04:00,814
1995-09-03 10:10:00-04:00,1016
1995-09-03 10:20:00-04:00,775
1995-09-03 10:30:00-04:00,945
1995-09-03 10:40:00-04:00,1155
1995-09-03 10:50:00-04:00,1000
1995-09-03 11:00:00-04:00,1055
1995-09-03 11:10:00-04:00,1055
1995-09-03 11:20:00-04:00,1134
1995-09-03 11:30:00-04:00,1102
1995-09-03 11:40:00-04:00,1242
1995-09-03 11:50:00-04:00,933
1995-09-03 12:00:00-04:00,926
1995-09-03 12:10:00-04:00,1113
1995-09-03 12:20:00-04:00,1119
1995-09-03 12:30:00-04:00,1203
1995-09-03 12:40:00-04:00,1262
1995-09-03 12:50:00-04:00,1331
1995-09-03 13:00:00-04:00,1359
1995-09-03 13:10:00-04:00,1217
1995-09-03 13:20:00-04:00,1220
1995-09-03 13:30:00-04:00,1263
1995-09-03 13:40:00-04:00,1066
1995-09-03 13:50:00-04:00,1168
1995-09-03 14:00:00-04:00,1059
1995-09-03 14:10:00-04:00,1402
1995-09-03 14:20:00-04:00,1247
1995-09-03 14:30:00-04:00,1302
1995-09-03 14:40:00-04:00,1224
1995-09-03 14:50:00-04:00,1637
1995-09-03 15:00:00-04:00,1373
1995-09-03 15:10:00-04:00,1498
1995-09-03 15:20:00-04:00,1770
1995-09-03 15:30:00-04:00,1371
1995-09-03 15:40:00-04:00,1315
1995-09-03 15:50:00-04:00,1265
1995-09-03 16:00:00-04:00,1342
1995-09-03 16:10:00-04:00,1394
1995-09-03 16:20:00-04:00,1370
1995-09-03 16:30:00-04:00,1405
1995-09-03 16:40:00-04:00,1391
1995-09-03 16:50:00-04:00,1209
1995-09-03 17:00:00-04:00,1503
1995-09-03 17:10:00-04:00,1547
1995-09-03 17:20:00-04:00,1356
1995-09-03 17:30:00-04:00,1307
1995-09-03 17:40:00-04:00,1454
1995-09-03 17:50:00-04:00,1377
1995-09-03 18:00:00-04:00,1314
1995-09-03 18:10:00-04:00,1583
1995-09-03 18:20:00-04:00,1602
1995-09-03 18:30:00-04:00,1356
1995-09-03 18:40:00-04:00,1390
1995-09-03 18:50:00-04:00,1081
1995-09-03 19:00:00-04:00,1240
1995-09-03 19:10:00-04:00,1209
1995-09-03 19:20:00-04:00,1265
1995-09-03 19:30:00-04:00,1396
1995-09-03 19:40:00-04:00,1237
1995-09-03 19:50:00-04:00,1114
1995-09-03 20:00:00-04:00,1229
1995-09-03 20:10:00-04:00,1459
1995-09-03 20:20:00-04:00,1232
1995-09-03 20:30:00-04:00,1305
1995-09-03 20:40:00-04:00,1165
1995-09-03 20:50:00-04:00,1504
1995-09-03 21:00:00-04:00,1465
1995-09-03 21:10:00-04:00,1426
1995-09-03 21:20:00-04:00,1418
1995-09-03 21:30:00-04:00,1404
1995-09-03 21:40:00-04:00,1240
1995-09-03 21:50:00-04:00,1320
1995-09-03 22:00:00-04:00,1754
1995-09-03 22:10:00-04:00,1471
1995-09-03 22:20:00-04:00,1232
1995-09-03 22:30:00-04:00,1684
1995-09-03 22:40:00-04:00,1602
1995-09-03 22:50:00-04:00,1382
1995-09-03 23:00:00-04:00,1491
1995-09-03 23:10:00-04:00,1407
1995-09-03 23:20:00-04:00,1489
1995-09-03 23:30:00-04:00,1558
1995-09-03 23:40:00-04:00,1482
1995-09-03 23:50:00-04:00,1402
1995-09-04 00:00:00-04:00,1526
1995-09-04 00:10:00-04:00,1403
1995-09-04 00:20:00-04:00,1621
1995-09-04 00:30:00-04:00,1943
1995-09-04 00:40:00-04:00,1630
1995-09-04 00:50:00-04:00,1551
1995-09-04 01:00:00-04:00,1490
1995-09-04 01:10:00-04:00,1549
1995-09-04 01:20:00-04:00,1101
1995-09-04 01:30:00-04:00,1318
1995-09-04 01:40:00-04:00,1567
1995-09-04 01:50:00-04:00,1459
1995-09-04 02:00:00-04:00,1040
1995-09-04 02:10:00-04:00,1483
1995-09-04 02:20:00-04:00,1359
1995-09-04 02:30:00-04:00,1185
1995-09-04 02:40:00-04:00,1109
1995-09-04 02:50:00-04:00,928
1995-09-04 03:00:00-04:00,1310
1995-09-04 03:10:00-04:00,1282
1995-09-04 03:20:00-04:00,1103
1995-09-04 03:30:00-04:00,1061
1995-09-04 03:40:00-04:00,1224
1995-09-04 03:50:00-04:00,1164
1995-09-04 04:00:00-04:00,1023
1995-09-04 04:10:00-04:00,1042
1995-09-04 04:20:00-04:00,908
1995-09-04 04:30:00-04:00,782
1995-09-04 04:40:00-04:00,884
1995-09-04 04:50:00-04:00,925
1995-09-04 05:00:00-04:00,978
1995-09-04 05:10:00-04:00,1174
1995-09-04 05:20:00-04:00,1036
1995-09-04 05:30:00-04:00,1021
1995-09-04 05:40:00-04:00,791
1995-09-04 05:50:00-04:00,875
1995-09-04 06:00:00-04:00,833
1995-09-04 06:10:00-04:00,785
1995-09-04 06:20:00-04:00,908
1995-09-04 06:30:00-04:00,904
1995-09-04 06:40:00-04:00,850
1995-09-04 06:50:00-04:00,613
1995-09-04 07:00:00-04:00,877
1995-09-04 07:10:00-04:00,1013
1995-09-04 07:20:00-04:00,942
1995-09-04 07:30:00-04:00,1160
1995-09-04 07:40:00-04:00,1232
1995-09-04 07:50:00-04:00,1098
1995-09-04 08:00:00-04:00,1268
1995-09-04 08:10:00-04:00,890
1995-09-04 08:20:00-04:00,947
1995-09-04 08:30:00-04:00,1066
1995-09-04 08:40:00-04:00,1031
1995-09-04 08:50:00-04:00,1385
1995-09-04 09:00:00-04:00,1064
1995-09-04 09:10:00-04:00,1162
1995-09-04 09:20:00-04:00,1250
1995-09-04 09:30:00-04:00,1613
1995-09-04 09:40:00-04:00,1456
1995-09-04 09:50:00-04:00,1130
1995-09-04 10:00:00-04:00,1105
1995-09-04 10:10:00-04:00,1226
1995-09-04 10:20:00-04:00,1378
1995-09-04 10:30:00-04:00,1191
1995-09-04 10:40:00-04:00,1384
1995-09-04 10:50:00-04:00,1431
1995-09-04 11:00:00-04:00,1417
1995-09-04 11:10:00-04:00,1521
1995-09-04 11:20:00-04:00,1663
1995-09-04 11:30:00-04:00,1599
1995-09-04 11:40:00-04:00,1968
1995-09-04 11:50:00-04:00,1993
1995-09-04 12:00:00-04:00,1577
1995-09-04 12:10:00-04:00,1586
1995-09-04 12:20:00-04:00,1823
1995-09-04 12:30:00-04:00,1814
1995-09-04 12:40:00-04:00,1870
1995-09-04 12:50:00-04:00,1957
1995-09-04 13:00:00-04:00,1382
1995-09-04 13:10:00-04:00,1577
1995-09-04 13:20:00-04:00,1533
1995-09-04 13:30:00-04:00,1345
1995-09-04 13:40:00-04:00,1491
1995-09-04 13:50:00-04:00,1681
1995-09-04 14:00:00-04:00,1678
1995-09-04 14:10:00-04:00,1604
1995-09-04 14:20:00-04:00,1617
1995-09-04 14:30:00-04:00,1811
1995-09-04 14:40:00-04:00,1912
1995-09-04 14:50:00-04:00,1583
1995-09-04 15:00:00-04:00,1970
1995-09-04 15:10:00-04:00,2108
1995-09-04 15:20:00-04:00,1943
1995-09-04 15:30:00-04:00,1737
1995-09-04 15:40:00-04:00,2183
1995-09-04 15:50:00-04:00,1858
1995-09-04 16:00:00-04:00,1974
1995-09-04 16:10:00-04:00,1662
1995-09-04 16:20:00-04:00,1965
1995-09-04 16:30:00-04:00,2018
1995-09-04 16:40:00-04:00,2064
1995-09-04 16:50:00-04:00,1883
1995-09-04 17:00:00-04:00,1938
1995-09-04 17:10:00-04:00,1701
1995-09-04 17:20:00-04:00,1752
1995-09-04 17:30:00-04:00,1657
1995-09-04 17:40:00-04:00,1616
1995-09-04 17:50:00-04:00,1785
1995-09-04 18:00:00-04:00,1421
1995-09-04 18:10:00-04:00,1618
1995-09-04 18:20:00-04:00,1983
1995-09-04 18:30:00-04:00,1674
1995-09-04 18:40:00-04:00,1737
1995-09-04 18:50:00-04:00,1677
1995-09-04 19:00:00-04:00,1741
1995-09-04 19:10:00-04:00,1570
1995-09-04 19:20:00-04:00,1412
1995-09-04 19:30:00-04:00,1753
1995-09-04 19:40:00-04:00,1656
1995-09-04 19:50:00-04:00,1724
1995-09-04 20:00:00-04:00,1399
1995-09-04 20:10:00-04:00,2071
1995-09-04 20:20:00-04:00,1638
1995-09-04 20:30:00-04:00,1745
1995-09-04 20:40:00-04:00,1566
1995-09-04 20:50:00-04:00,1454
1995-09-04 21:00:00-04:00,1277
1995-09-04 21:10:00-04:00,1527
1995-09-04 21:20:00-04:00,1785
1995-09-04 21:30:00-04:00,1666
1995-09-04 21:40:00-04:00,1798
1995-09-04 21:50:00-04:00,1568
1995-09-04 22:00:00-04:00,2168
1995-09-04 22:10:00-04:00,1652
1995-09-04 22:20:00-04:00,2017
1995-09-04 22:30:00-04:00,1681
1995-09-04 22:40:00-04:00,1934
1995-09-04 22:50:00-04:00,1727
1995-09-04 23:00:00-04:00,1347
1995-09-04 23:10:00-04:00,1442
1995-09-04 23:20:00-04:00,1719
1995-09-04 23:30:00-04:00,1647
1995-09-04 23:40:00-04:00,1375
1995-09-04 23:50:00-04:00,1881
1995-09-05 00:00:00-04:00,1690
1995-09-05 00:10:00-04:00,1952
1995-09-05 00:20:00-04:00,1531
1995-09-05 00:30:00-04:00,1358
1995-09-05 00:40:00-04:00,1673
1995-09-05 00:50:00-04:00,1287
1995-09-05 01:00:00-04:00,1330
1995-09-05 01:10:00-04:00,1589
1995-09-05 01:20:00-04:00,1499
1995-09-05 01:30:00-04:00,1367
1995-09-05 01:40:00-04:00,1378
1995-09-05 01:50:00-04:00,1616
1995-09-05 02:00:00-04:00,1129
1995-09-05 02:10:00-04:00,1180
1995-09-05 02:20:00-04:00,1071
1995-09-05 02:30:00-04:00,1028
1995-09-05 02:40:00-04:00,1270
1995-09-05 02:50:00-04:00,1065
1995-09-05 03:00:00-04:00,1006
1995-09-05 03:10:00-04:00,1143
1995-09-05 03:20:00-04:00,957
1995-09-05 03:30:00-04:00,1031
1995-09-05 03:40:00-04:00,1053
1995-09-05 03:50:00-04:00,1116
1995-09-05 04:00:00-04:00,749
1995-09-05 04:10:00-04:00,789
1995-09-05 04:20:00-04:00,1050
1995-09-05 04:30:00-04:00,709
1995-09-05 04:40:00-04:00,614
1995-09-05 04:50:00-04:00,999
1995-09-05 05:00:00-04:00,699
1995-09-05 05:10:00-04:00,783
1995-09-05 05:20:00-04:00,998
1995-09-05 05:30:00-04:00,772
1995-09-05 05:40:00-04:00,999
1995-09-05 05:50:00-04:00,806
1995-09-05 06:00:00-04:00,810
1995-09-05 06:10:00-04:00,836
1995-09-05 06:20:00-04:00,889
1995-09-05 06:30:00-04:00,1133
1995-09-05 06:40:00-04:00,791
1995-09-05 06:50:00-04:00,1012
1995-09-05 07:00:00-04:00,740
1995-09-05 07:10:00-04:00,1171
1995-09-05 07:20:00-04:00,1341
1995-09-05 07:30:00-04:00,1271
1995-09-05 07:40:00-04:00,935
1995-09-05 07:50:00-04:00,878
1995-09-05 08:00:00-04:00,1309
1995-09-05 08:10:00-04:00,1176
1995-09-05 08:20:00-04:00,1264
1995-09-05 08:30:00-04:00,1719
1995-09-05 08:40:00-04:00,1379
1995-09-05 08:50:00-04:00,1703
1995-09-05 09:00:00-04:00,1769
1995-09-05 09:10:00-04:00,2134
1995-09-05 09:20:00-04:00,1912
1995-09-05 09:30:00-04:00,1832
1995-09-05 09:40:00-04:00,1880
1995-09-05 09:50:00-04:00,2118
1995-09-05 10:00:00-04:00,2373
1995-09-05 10:10:00-04:00,1905
1995-09-05 10:20:00-04:00,2237
1995-09-05 10:30:00-04:00,2104
1995-09-05 10:40:00-04:00,2149
1995-09-05 10:50:00-04:00,2262
1995-09-05 11:00:00-04:00,2218
1995-09-05 11:10:00-04:00,2479
1995-09-05 11:20:00-04:00,2388
1995-09-05 11:30:00-04:00,2121
1995-09-05 11:40:00-04:00,2328
1995-09-05 11:50:00-04:00,2244
1995-09-05 12:00:00-04:00,2393
1995-09-05 12:10:00-04:00,2319
1995-09-05 12:20:00-04:00,2410
1995-09-05 12:30:00-04:00,1869
1995-09-05 12:40:00-04:00,1846
1995-09-05 12:50:00-04:00,1632
1995-09-05 13:00:00-04:00,2008
1995-09-05 13:10:00-04:00,2120
1995-09-05 13:20:00-04:00,1965
1995-09-05 13:30:00-04:00,1647
1995-09-05 13:40:00-04:00,1692
1995-09-05 13:50:00-04:00,1319
1995-09-05 14:00:00-04:00,1668
1995-09-05 14:10:00-04:00,1688
1995-09-05 14:20:00-04:00,2018
1995-09-05 14:30:00-04:00,1875
1995-09-05 14:40:00-04:00,2025
1995-09-05 14:50:00-04:00,1650
1995-09-05 15:00:00-04:00,1607
1995-09-05 15:10:00-04:00,1543
1995-09-05 15:20:00-04:00,2499
1995-09-05 15:30:00-04:00,2637
1995-09-05 15:40:00-04:00,2759
1995-09-05 15:50:00-04:00,2547
1995-09-05 16:00:00-04:00,2679
1995-09-05 16:10:00-04:00,1988
1995-09-05 16:20:00-04:00,2249
1995-09-05 16:30:00-04:00,2226
1995-09-05 16:40:00-04:00,2308
1995-09-05 16:50:00-04:00,2388
1995-09-05 17:00:00-04:00,2987
1995-09-05 17:10:00-04:00,2438
1995-09-05 17:20:00-04:00,3114
1995-09-05 17:30:00-04:00,2482
1995-09-05 17:40:00-04:00,3374
1995-09-05 17:50:00-04:00,2635
1995-09-05 18:00:00-04:00,2893
1995-09-05 18:10:00-04:00,2290
1995-09-05 18:20:00-04:00,2517
1995-09-05 18:30:00-04:00,2574
1995-09-05 18:40:00-04:00,2501
1995-09-05 18:50:00-04:00,2876
1995-09-05 19:00:00-04:00,2355
1995-09-05 19:10:00-04:00,1545
1995-09-05 19:20:00-04:00,220
1995-09-05 19:30:00-04:00,0
1995-09-05 19:40:00-04:00,0
1995-09-05 19:50:00-04:00,0
1995-09-05 20:00:00-04:00,0
1995-09-05 20:10:00-04:00,0
1995-09-05 20:20:00-04:00,0
1995-09-05 20:30:00-04:00,0
1995-09-05 20:40:00-04:00,0
1995-09-05 20:50:00-04:00,0
1995-09-05 21:00:00-04:00,0
1995-09-05 21:10:00-04:00,0
1995-09-05 21:20:00-04:00,1475
1995-09-05 21:30:00-04:00,2179
1995-09-05 21:40:00-04:00,2517
1995-09-05 21:50:00-04:00,2202
1995-09-05 22:00:00-04:00,1814
1995-09-05 22:10:00-04:00,1977
1995-09-05 22:20:00-04:00,2077
1995-09-05 22:30:00-04:00,2020
1995-09-05 22:40:00-04:00,1937
1995-09-05 22:50:00-04:00,2107
1995-09-05 23:00:00-04:00,2187
1995-09-05 23:10:00-04:00,1938
1995-09-05 23:20:00-04:00,1333
1995-09-05 23:30:00-04:00,2251
1995-09-05 23:40:00-04:00,1738
1995-09-05 23:50:00-04:00,1710
1995-09-06 00:00:00-04:00,1821
1995-09-06 00:10:00-04:00,1518
1995-09-06 00:20:00-04:00,1668
1995-09-06 00:30:00-04:00,1494
1995-09-06 00:40:00-04:00,1670
1995-09-06 00:50:00-04:00,1560
1995-09-06 01:00:00-04:00,1615
1995-09-06 01:10:00-04:00,1427
1995-09-06 01:20:00-04:00,1790
1995-09-06 01:30:00-04:00,1762
1995-09-06 01:40:00-04:00,1594
1995-09-06 01:50:00-04:00,1298
1995-09-06 02:00:00-04:00,1491
1995-09-06 02:10:00-04:00,1008
1995-09-06 02:20:00-04:00,1367
1995-09-06 02:30:00-04:00,1344
1995-09-06 02:40:00-04:00,1216
1995-09-06 02:50:00-04:00,1003
1995-09-06 03:00:00-04:00,1152
1995-09-06 03:10:00-04:00,1128
1995-09-06 03:20:00-04:00,820
1995-09-06 03:30:00-04:00,1146
1995-09-06 03:40:00-04:00,870
1995-09-06 03:50:00-04:00,1303
1995-09-06 04:00:00-04:00,1045
1995-09-06 04:10:00-04:00,919
1995-09-06 04:20:00-04:00,683
1995-09-06 04:30:00-04:00,759
1995-09-06 04:40:00-04:00,1070
1995-09-06 04:50:00-04:00,718
1995-09-06 05:00:00-04:00,887
1995-09-06 05:10:00-04:00,724
1995-09-06 05:20:00-04:00,787
1995-09-06 05:30:00-04:00,707
1995-09-06 05:40:00-04:00,1183
1995-09-06 05:50:00-04:00,865
1995-09-06 06:00:00-04:00,887
1995-09-06 06:10:00-04:00,986
1995-09-06 06:20:00-04:00,1077
1995-09-06 06:30:00-04:00,1041
1995-09-06 06:40:00-04:00,925
1995-09-06 06:50:00-04:00,1051
1995-09-06 07:00:00-04:00,1002
1995-09-06 07:10:00-04:00,988
1995-09-06 07:20:00-04:00,1129
1995-09-06 07:30:00-04:00,1272
1995-09-06 07:40:00-04:00,1205
1995-09-06 07:50:00-04:00,1533
1995-09-06 08:00:00-04:00,1246
1995-09-06 08:10:00-04:00,1308
1995-09-06 08:20:00-04:00,1624
1995-09-06 08:30:00-04:00,1397
1995-09-06 08:40:00-04:00,1556
1995-09-06 08:50:00-04:00,2032
1995-09-06 09:00:00-04:00,1888
1995-09-06 09:10:00-04:00,1546
1995-09-06 09:20:00-04:00,1699
1995-09-06 09:30:00-04:00,1821
1995-09-06 09:40:00-04:00,2108
1995-09-06 09:50:00-04:00,2055
1995-09-06 10:00:00-04:00,1760
1995-09-06 10:10:00-04:00,1879
1995-09-06 10:20:00-04:00,2361
1995-09-06 10:30:00-04:00,1906
1995-09-06 10:40:00-04:00,2236
1995-09-06 10:50:00-04:00,2113
1995-09-06 11:00:00-04:00,2421
1995-09-06 11:10:00-04:00,2619
1995-09-06 11:20:00-04:00,2840
1995-09-06 11:30:00-04:00,2869
1995-09-06 11:40:00-04:00,2911
1995-09-06 11:50:00-04:00,2343
1995-09-06 12:00:00-04:00,2354
1995-09-06 12:10:00-04:00,2257
1995-09-06 12:20:00-04:00,2734
1995-09-06 12:30:00-04:00,2699
1995-09-06 12:40:00-04:00,2952
1995-09-06 12:50:00-04:00,2506
1995-09-06 13:00:00-04:00,2450
1995-09-06 13:10:00-04:00,2175
1995-09-06 13:20:00-04:00,2717
1995-09-06 13:30:00-04:00,2772
1995-09-06 13:40:00-04:00,3048
1995-09-06 13:50:00-04:00,2515
1995-09-06 14:00:00-04:00,2083
1995-09-06 14:10:00-04:00,2627
1995-09-06 14:20:00-04:00,2867
1995-09-06 14:30:00-04:00,2739
1995-09-06 14:40:00-04:00,2599
1995-09-06 14:50:00-04:00,2879
1995-09-06 15:00:00-04:00,2998
1995-09-06 15:10:00-04:00,2665
1995-09-06 15:20:00-04:00,2473
1995-09-06 15:30:00-04:00,2786
1995-09-06 15:40:00-04:00,2767
1995-09-06 15:50:00-04:00,3130
1995-09-06 16:00:00-04:00,3045
1995-09-06 16:10:00-04:00,3088
1995-09-06 16:20:00-04:00,2866
1995-09-06 16:30:00-04:00,2866
1995-09-06 16:40:00-04:00,3216
1995-09-06 16:50:00-04:00,2808
1995-09-06 17:00:00-04:00,2668
1995-09-06 17:10:00-04:00,2584
1995-09-06 17:20:00-04:00,2741
1995-09-06 17:30:00-04:00,2537
1995-09-06 17:40:00-04:00,2224
1995-09-06 17:50:00-04:00,2644
1995-09-06 18:00:00-04:00,2254
1995-09-06 18:10:00-04:00,2166
1995-09-06 18:20:00-04:00,2445
1995-09-06 18:30:00-04:00,3079
1995-09-06 18:40:00-04:00,2119
1995-09-06 18:50:00-04:00,2423
1995-09-06 19:00:00-04:00,2084
1995-09-06 19:10:00-04:00,2473
1995-09-06 19:20:00-04:00,1861
1995-09-06 19:30:00-04:00,2130
1995-09-06 19:40:00-04:00,2150
1995-09-06 19:50:00-04:00,1643
1995-09-06 20:00:00-04:00,2143
1995-09-06 20:10:00-04:00,1991
1995-09-06 20:20:00-04:00,2155
1995-09-06 20:30:00-04:00,2119
1995-09-06 20:40:00-04:00,2226
1995-09-06 20:50:00-04:00,2089
1995-09-06 21:00:00-04:00,2206
1995-09-06 21:10:00-04:00,1932
1995-09-06 21:20:00-04:00,2047
1995-09-06 21:30:00-04:00,1943
1995-09-06 21:40:00-04:00,2215
1995-09-06 21:50:00-04:00,1952
1995-09-06 22:00:00-04:00,1832
1995-09-06 22:10:00-04:00,1838
1995-09-06 22:20:00-04:00,2111
1995-09-06 22:30:00-04:00,2211
1995-09-06 22:40:00-04:00,1968
1995-09-06 22:50:00-04:00,1405
1995-09-06 23:00:00-04:00,1699
1995-09-06 23:10:00-04:00,1639
1995-09-06 23:20:00-04:00,1518
1995-09-06 23:30:00-04:00,1994
1995-09-06 23:40:00-04:00,2057
1995-09-06 23:50:00-04:00,1864
1995-09-07 00:00:00-04:00,1838
1995-09-07 00:10:00-04:00,1642
1995-09-07 00:20:00-04:00,1581
1995-09-07 00:30:00-04:00,1866
1995-09-07 00:40:00-04:00,1609
1995-09-07 00:50:00-04:00,1753
1995-09-07 01:00:00-04:00,1633
1995-09-07 01:10:00-04:00,1283
1995-09-07 01:20:00-04:00,1594
1995-09-07 01:30:00-04:00,1401
1995-09-07 01:40:00-04:00,1570
1995-09-07 01:50:00-04:00,1393
1995-09-07 02:00:00-04:00,1471
1995-09-07 02:10:00-04:00,1042
1995-09-07 02:20:00-04:00,1057
1995-09-07 02:30:00-04:00,1156
1995-09-07 02:40:00-04:00,993
1995-09-07 02:50:00-04:00,941
1995-09-07 03:00:00-04:00,1113
1995-09-07 03:10:00-04:00,929
1995-09-07 03:20:00-04:00,981
1995-09-07 03:30:00-04:00,1148
1995-09-07 03:40:00-04:00,657
1995-09-07 03:50:00-04:00,897
1995-09-07 04:00:00-04:00,723
1995-09-07 04:10:00-04:00,640
1995-09-07 04:20:00-04:00,823
1995-09-07 04:30:00-04:00,852
1995-09-07 04:40:00-04:00,741
1995-09-07 04:50:00-04:00,671
1995-09-07 05:00:00-04:00,722
1995-09-07 05:10:00-04:00,607
1995-09-07 05:20:00-04:00,707
1995-09-07 05:30:00-04:00,828
1995-09-07 05:40:00-04:00,807
1995-09-07 05:50:00-04:00,383
1995-09-07 06:00:00-04:00,704
1995-09-07 06:10:00-04:00,880
1995-09-07 06:20:00-04:00,994
1995-09-07 06:30:00-04:00,981
1995-09-07 06:40:00-04:00,1071
1995-09-07 06:50:00-04:00,804
1995-09-07 07:00:00-04:00,953
1995-09-07 07:10:00-04:00,871
1995-09-07 07:20:00-04:00,837
1995-09-07 07:30:00-04:00,1227
1995-09-07 07:40:00-04:00,1578
1995-09-07 07:50:00-04:00,1500
1995-09-07 08:00:00-04:00,1583
1995-09-07 08:10:00-04:00,1638
1995-09-07 08:20:00-04:00,1408
1995-09-07 08:30:00-04:00,1329
1995-09-07 08:40:00-04:00,1733
1995-09-07 08:50:00-04:00,1486
1995-09-07 09:00:00-04:00,1812
1995-09-07 09:10:00-04:00,1581
1995-09-07 09:20:00-04:00,1460
1995-09-07 09:30:00-04:00,1955
1995-09-07 09:40:00-04:00,1852
1995-09-07 09:50:00-04:00,2063
1995-09-07 10:00:00-04:00,2054
1995-09-07 10:10:00-04:00,2331
1995-09-07 10:20:00-04:00,2152
1995-09-07 10:30:00-04:00,2135
1995-09-07 10:40:00-04:00,2229
1995-09-07 10:50:00-04:00,2023
1995-09-07 11:00:00-04:00,2439
1995-09-07 11:10:00-04:00,2047
1995-09-07 11:20:00-04:00,2320
1995-09-07 11:30:00-04:00,2035
1995-09-07 11:40:00-04:00,2583
1995-09-07 11:50:00-04:00,2723
1995-09-07 12:00:00-04:00,2462
1995-09-07 12:10:00-04:00,2898
1995-09-07 12:20:00-04:00,2299
1995-09-07 12:30:00-04:00,2876
1995-09-07 12:40:00-04:00,2978
1995-09-07 12:50:00-04:00,2382
1995-09-07 13:00:00-04:00,2122
1995-09-07 13:10:00-04:00,2682
1995-09-07 13:20:00-04:00,3088
1995-09-07 13:30:00-04:00,3003
1995-09-07 13:40:00-04:00,2475
1995-09-07 13:50:00-04:00,3247
1995-09-07 14:00:00-04:00,2603
1995-09-07 14:10:00-04:00,2488
1995-09-07 14:20:00-04:00,2853
1995-09-07 14:30:00-04:00,2819
1995-09-07 14:40:00-04:00,2860
1995-09-07 14:50:00-04:00,3188
1995-09-07 15:00:00-04:00,3205
1995-09-07 15:10:00-04:00,3168
1995-09-07 15:20:00-04:00,2969
1995-09-07 15:30:00-04:00,2799
1995-09-07 15:40:00-04:00,2943
1995-09-07 15:50:00-04:00,3094
1995-09-07 16:00:00-04:00,2862
1995-09-07 16:10:00-04:00,2513
1995-09-07 16:20:00-04:00,3016
1995-09-07 16:30:00-04:00,2409
1995-09-07 16:40:00-04:00,3069
1995-09-07 16:50:00-04:00,2431
1995-09-07 17:00:00-04:00,2338
1995-09-07 17:10:00-04:00,2582
1995-09-07 17:20:00-04:00,2636
1995-09-07 17:30:00-04:00,2852
1995-09-07 17:40:00-04:00,3268
1995-09-07 17:50:00-04:00,2473
1995-09-07 18:00:00-04:00,2071
1995-09-07 18:10:00-04:00,2409
1995-09-07 18:20:00-04:00,1769
1995-09-07 18:30:00-04:00,2159
1995-09-07 18:40:00-04:00,2550
1995-09-07 18:50:00-04:00,2370
1995-09-07 19:00:00-04:00,2191
1995-09-07 19:10:00-04:00,2216
1995-09-07 19:20:00-04:00,2212
1995-09-07 19:30:00-04:00,2300
1995-09-07 19:40:00-04:00,2499
1995-09-07 19:50:00-04:00,1901
1995-09-07 20:00:00-04:00,2184
1995-09-07 20:10:00-04:00,2257
1995-09-07 20:20:00-04:00,2306
1995-09-07 20:30:00-04:00,2346
1995-09-07 20:40:00-04:00,1911
1995-09-07 20:50:00-04:00,2159
1995-09-07 21:00:00-04:00,2095
1995-09-07 21:10:00-04:00,2616
1995-09-07 21:20:00-04:00,2312
1995-09-07 21:30:00-04:00,2076
1995-09-07 21:40:00-04:00,2029
1995-09-07 21:50:00-04:00,1837
1995-09-07 22:00:00-04:00,1985
1995-09-07 22:10:00-04:00,1997
1995-09-07 22:20:00-04:00,2046
1995-09-07 22:30:00-04:00,1794
1995-09-07 22:40:00-04:00,2377
1995-09-07 22:50:00-04:00,1754
1995-09-07 23:00:00-04:00,1598
1995-09-07 23:10:00-04:00,1837
1995-09-07 23:20:00-04:00,2071
1995-09-07 23:30:00-04:00,1597
1995-09-07 23:40:00-04:00,1698
1995-09-07 23:50:00-04:00,1757
1995-09-08 00:00:00-04:00,1260
1995-09-08 00:10:00-04:00,1696
1995-09-08 00:20:00-04:00,1718
1995-09-08 00:30:00-04:00,1442
1995-09-08 00:40:00-04:00,1431
1995-09-08 00:50:00-04:00,1242
1995-09-08 01:00:00-04:00,1257
1995-09-08 01:10:00-04:00,1470
1995-09-08 01:20:00-04:00,1381
1995-09-08 01:30:00-04:00,1340
1995-09-08 01:40:00-04:00,1313
1995-09-08 01:50:00-04:00,1589
1995-09-08 02:00:00-04:00,1385
1995-09-08 02:10:00-04:00,1447
1995-09-08 02:20:00-04:00,1135
1995-09-08 02:30:00-04:00,1314
1995-09-08 02:40:00-04:00,1348
1995-09-08 02:50:00-04:00,992
1995-09-08 03:00:00-04:00,957
1995-09-08 03:10:00-04:00,1022
1995-09-08 03:20:00-04:00,986
1995-09-08 03:30:00-04:00,766
1995-09-08 03:40:00-04:00,760
1995-09-08 03:50:00-04:00,899
1995-09-08 04:00:00-04:00,948
1995-09-08 04:10:00-04:00,988
1995-09-08 04:20:00-04:00,669
1995-09-08 04:30:00-04:00,865
1995-09-08 04:40:00-04:00,870
1995-09-08 04:50:00-04:00,884
1995-09-08 05:00:00-04:00,788
1995-09-08 05:10:00-04:00,562
1995-09-08 05:20:00-04:00,700
1995-09-08 05:30:00-04:00,564
1995-09-08 05:40:00-04:00,744
1995-09-08 05:50:00-04:00,711
1995-09-08 06:00:00-04:00,504
1995-09-08 06:10:00-04:00,763
1995-09-08 06:20:00-04:00,914
1995-09-08 06:30:00-04:00,864
1995-09-08 06:40:00-04:00,975
1995-09-08 06:50:00-04:00,753
1995-09-08 07:00:00-04:00,1072
1995-09-08 07:10:00-04:00,782
1995-09-08 07:20:00-04:00,834
1995-09-08 07:30:00-04:00,1395
1995-09-08 07:40:00-04:00,1300
1995-09-08 07:50:00-04:00,1468
1995-09-08 08:00:00-04:00,1284
1995-09-08 08:10:00-04:00,1388
1995-09-08 08:20:00-04:00,1750
1995-09-08 08:30:00-04:00,1368
1995-09-08 08:40:00-04:00,1574
1995-09-08 08:50:00-04:00,1791
1995-09-08 09:00:00-04:00,1754
1995-09-08 09:10:00-04:00,1655
1995-09-08 09:20:00-04:00,2032
1995-09-08 09:30:00-04:00,1998
1995-09-08 09:40:00-04:00,1975
1995-09-08 09:50:00-04:00,2375
1995-09-08 10:00:00-04:00,2291
1995-09-08 10:10:00-04:00,2379
1995-09-08 10:20:00-04:00,2902
1995-09-08 10:30:00-04:00,2850
1995-09-08 10:40:00-04:00,2572
1995-09-08 10:50:00-04:00,2220
1995-09-08 11:00:00-04:00,2280
1995-09-08 11:10:00-04:00,2880
1995-09-08 11:20:00-04:00,2024
1995-09-08 11:30:00-04:00,2491
1995-09-08 11:40:00-04:00,2308
1995-09-08 11:50:00-04:00,2790
1995-09-08 12:00:00-04:00,2875
1995-09-08 12:10:00-04:00,2906
1995-09-08 12:20:00-04:00,2647
1995-09-08 12:30:00-04:00,3267
1995-09-08 12:40:00-04:00,3889
1995-09-08 12:50:00-04:00,2889
1995-09-08 13:00:00-04:00,2874
1995-09-08 13:10:00-04:00,3104
1995-09-08 13:20:00-04:00,3330
1995-09-08 13:30:00-04:00,2705
1995-09-08 13:40:00-04:00,3117
1995-09-08 13:50:00-04:00,2980
1995-09-08 14:00:00-04:00,3083
1995-09-08 14:10:00-04:00,3068
1995-09-08 14:20:00-04:00,3040
1995-09-08 14:30:00-04:00,3034
1995-09-08 14:40:00-04:00,2777
1995-09-08 14:50:00-04:00,2903
1995-09-08 15:00:00-04:00,3046
1995-09-08 15:10:00-04:00,3742
1995-09-08 15:20:00-04:00,2858
1995-09-08 15:30:00-04:00,3031
1995-09-08 15:40:00-04:00,3150
1995-09-08 15:50:00-04:00,3252
1995-09-08 16:00:00-04:00,2673
1995-09-08 16:10:00-04:00,3029
1995-09-08 16:20:00-04:00,2958
1995-09-08 16:30:00-04:00,3230
1995-09-08 16:40:00-04:00,2078
1995-09-08 16:50:00-04:00,3113
1995-09-08 17:00:00-04:00,3482
1995-09-08 17:10:00-04:00,2877
1995-09-08 17:20:00-04:00,2833
1995-09-08 17:30:00-04:00,3038
1995-09-08 17:40:00-04:00,2886
1995-09-08 17:50:00-04:00,2906
1995-09-08 18:00:00-04:00,2873
1995-09-08 18:10:00-04:00,2453
1995-09-08 18:20:00-04:00,2452
1995-09-08 18:30:00-04:00,2264
1995-09-08 18:40:00-04:00,2800
1995-09-08 18:50:00-04:00,2486
1995-09-08 19:00:00-04:00,2604
1995-09-08 19:10:00-04:00,2597
1995-09-08 19:20:00-04:00,2323
1995-09-08 19:30:00-04:00,2048
1995-09-08 19:40:00-04:00,2256
1995-09-08 19:50:00-04:00,1958
1995-09-08 20:00:00-04:00,1345
1995-09-08 20:10:00-04:00,1870
1995-09-08 20:20:00-04:00,1861
1995-09-08 20:30:00-04:00,1765
1995-09-08 20:40:00-04:00,2101
1995-09-08 20:50:00-04:00,1850
1995-09-08 21:00:00-04:00,1460
1995-09-08 21:10:00-04:00,1447
1995-09-08 21:20:00-04:00,924
1995-09-08 21:30:00-04:00,1082
1995-09-08 21:40:00-04:00,1684
1995-09-08 21:50:00-04:00,1569
1995-09-08 22:00:00-04:00,2319
1995-09-08 22:10:00-04:00,2029
1995-09-08 22:20:00-04:00,1898
1995-09-08 22:30:00-04:00,1505
1995-09-08 22:40:00-04:00,1877
1995-09-08 22:50:00-04:00,1737
1995-09-08 23:00:00-04:00,1504
1995-09-08 23:10:00-04:00,1743
1995-09-08 23:20:00-04:00,1874
1995-09-08 23:30:00-04:00,1870
1995-09-08 23:40:00-04:00,1661
1995-09-08 23:50:00-04:00,1585
1995-09-09 00:00:00-04:00,1386
1995-09-09 00:10:00-04:00,1623
1995-09-09 00:20:00-04:00,1789
1995-09-09 00:30:00-04:00,1811
1995-09-09 00:40:00-04:00,1634
1995-09-09 00:50:00-04:00,1500
1995-09-09 01:00:00-04:00,1856
1995-09-09 01:10:00-04:00,1649
1995-09-09 01:20:00-04:00,1355
1995-09-09 01:30:00-04:00,1898
1995-09-09 01:40:00-04:00,1721
1995-09-09 01:50:00-04:00,1369
1995-09-09 02:00:00-04:00,1622
1995-09-09 02:10:00-04:00,1360
1995-09-09 02:20:00-04:00,1227
1995-09-09 02:30:00-04:00,1248
1995-09-09 02:40:00-04:00,1144
1995-09-09 02:50:00-04:00,1423
1995-09-09 03:00:00-04:00,1015
1995-09-09 03:10:00-04:00,1149
1995-09-09 03:20:00-04:00,1142
1995-09-09 03:30:00-04:00,957
1995-09-09 03:40:00-04:00,994
1995-09-09 03:50:00-04:00,918
1995-09-09 04:00:00-04:00,839
1995-09-09 04:10:00-04:00,1194
1995-09-09 04:20:00-04:00,980
1995-09-09 04:30:00-04:00,895
1995-09-09 04:40:00-04:00,895
1995-09-09 04:50:00-04:00,718
1995-09-09 05:00:00-04:00,745
1995-09-09 05:10:00-04:00,901
1995-09-09 05:20:00-04:00,538
1995-09-09 05:30:00-04:00,685
1995-09-09 05:40:00-04:00,496
1995-09-09 05:50:00-04:00,584
1995-09-09 06:00:00-04:00,546
1995-09-09 06:10:00-04:00,652
1995-09-09 06:20:00-04:00,602
1995-09-09 06:30:00-04:00,543
1995-09-09 06:40:00-04:00,617
1995-09-09 06:50:00-04:00,548
1995-09-09 07:00:00-04:00,667
1995-09-09 07:10:00-04:00,683
1995-09-09 07:20:00-04:00,480
1995-09-09 07:30:00-04:00,819
1995-09-09 07:40:00-04:00,772
1995-09-09 07:50:00-04:00,758
1995-09-09 08:00:00-04:00,919
1995-09-09 08:10:00-04:00,1158
1995-09-09 08:20:00-04:00,1111
1995-09-09 08:30:00-04:00,951
1995-09-09 08:40:00-04:00,949
1995-09-09 08:50:00-04:00,1120
1995-09-09 09:00:00-04:00,959
1995-09-09 09:10:00-04:00,1174
1995-09-09 09:20:00-04:00,1192
1995-09-09 09:30:00-04:00,1446
1995-09-09 09:40:00-04:00,1474
1995-09-09 09:50:00-04:00,1396
1995-09-09 10:00:00-04:00,1095
1995-09-09 10:10:00-04:00,1590
1995-09-09 10:20:00-04:00,1482
1995-09-09 10:30:00-04:00,1329
1995-09-09 10:40:00-04:00,1267
1995-09-09 10:50:00-04:00,1653
1995-09-09 11:00:00-04:00,1396
1995-09-09 11:10:00-04:00,1542
1995-09-09 11:20:00-04:00,1408
1995-09-09 11:30:00-04:00,1623
1995-09-09 11:40:00-04:00,1787
1995-09-09 11:50:00-04:00,1327
1995-09-09 12:00:00-04:00,1398
1995-09-09 12:10:00-04:00,1660
1995-09-09 12:20:00-04:00,1580
1995-09-09 12:30:00-04:00,1441
1995-09-09 12:40:00-04:00,1778
1995-09-09 12:50:00-04:00,1477
1995-09-09 13:00:00-04:00,1626
1995-09-09 13:10:00-04:00,1603
1995-09-09 13:20:00-04:00,1514
1995-09-09 13:30:00-04:00,1389
1995-09-09 13:40:00-04:00,1648
1995-09-09 13:50:00-04:00,2052
1995-09-09 14:00:00-04:00,1720
1995-09-09 14:10:00-04:00,1985
1995-09-09 14:20:00-04:00,1850
1995-09-09 14:30:00-04:00,1937
1995-09-09 14:40:00-04:00,2028
1995-09-09 14:50:00-04:00,2115
1995-09-09 15:00:00-04:00,2065
1995-09-09 15:10:00-04:00,2090
1995-09-09 15:20:00-04:00,2081
1995-09-09 15:30:00-04:00,2192
1995-09-09 15:40:00-04:00,2297
1995-09-09 15:50:00-04:00,2191
1995-09-09 16:00:00-04:00,2087
1995-09-09 16:10:00-04:00,2018
1995-09-09 16:20:00-04:00,1711
1995-09-09 16:30:00-04:00,1857
1995-09-09 16:40:00-04:00,1872
1995-09-09 16:50:00-04:00,1837
1995-09-09 17:00:00-04:00,1603
1995-09-09 17:10:00-04:00,2180
1995-09-09 17:20:00-04:00,1818
1995-09-09 17:30:00-04:00,1868
1995-09-09 17:40:00-04:00,1854
1995-09-09 17:50:00-04:00,1913
1995-09-09 18:00:00-04:00,1824
1995-09-09 18:10:00-04:00,1786
1995-09-09 18:20:00-04:00,2080
1995-09-09 18:30:00-04:00,1871
1995-09-09 18:40:00-04:00,2058
1995-09-09 18:50:00-04:00,1934
1995-09-09 19:00:00-04:00,1592
1995-09-09 19:10:00-04:00,1460
1995-09-09 19:20:00-04:00,1846
1995-09-09 19:30:00-04:00,1708
1995-09-09 19:40:00-04:00,1276
1995-09-09 19:50:00-04:00,1477
1995-09-09 20:00:00-04:00,1369
1995-09-09 20:10:00-04:00,1370
1995-09-09 20:20:00-04:00,1430
1995-09-09 20:30:00-04:00,2059
1995-09-09 20:40:00-04:00,1881
1995-09-09 20:50:00-04:00,1871
1995-09-09 21:00:00-04:00,1571
1995-09-09 21:10:00-04:00,1515
1995-09-09 21:20:00-04:00,1709
1995-09-09 21:30:00-04:00,1557
1995-09-09 21:40:00-04:00,1647
1995-09-09 21:50:00-04:00,1633
1995-09-09 22:00:00-04:00,1693
1995-09-09 22:10:00-04:00,1804
1995-09-09 22:20:00-04:00,1856
1995-09-09 22:30:00-04:00,1499
1995-09-09 22:40:00-04:00,1620
1995-09-09 22:50:00-04:00,1538
1995-09-09 23:00:00-04:00,1550
1995-09-09 23:10:00-04:00,1645
1995-09-09 23:20:00-04:00,1718
1995-09-09 23:30:00-04:00,1913
1995-09-09 23:40:00-04:00,1874
1995-09-09 23:50:00-04:00,1648
1995-09-10 00:00:00-04:00,1844
1995-09-10 00:10:00-04:00,1567
1995-09-10 00:20:00-04:00,1815
1995-09-10 00:30:00-04:00,1795
1995-09-10 00:40:00-04:00,1576
1995-09-10 00:50:00-04:00,1583
1995-09-10 01:00:00-04:00,1665
1995-09-10 01:10:00-04:00,1418
1995-09-10 01:20:00-04:00,1402
1995-09-10 01:30:00-04:00,1442
1995-09-10 01:40:00-04:00,1849
1995-09-10 01:50:00-04:00,1710
1995-09-10 02:00:00-04:00,1549
1995-09-10 02:10:00-04:00,1328
1995-09-10 02:20:00-04:00,1309
1995-09-10 02:30:00-04:00,1431
1995-09-10 02:40:00-04:00,1397
1995-09-10 02:50:00-04:00,1262
1995-09-10 03:00:00-04:00,1255
1995-09-10 03:10:00-04:00,833
1995-09-10 03:20:00-04:00,980
1995-09-10 03:30:00-04:00,1232
1995-09-10 03:40:00-04:00,716
1995-09-10 03:50:00-04:00,793
1995-09-10 04:00:00-04:00,744
1995-09-10 04:10:00-04:00,657
1995-09-10 04:20:00-04:00,685
1995-09-10 04:30:00-04:00,559
1995-09-10 04:40:00-04:00,715
1995-09-10 04:50:00-04:00,574
1995-09-10 05:00:00-04:00,615
1995-09-10 05:10:00-04:00,440
1995-09-10 05:20:00-04:00,553
1995-09-10 05:30:00-04:00,500
1995-09-10 05:40:00-04:00,610
1995-09-10 05:50:00-04:00,594
1995-09-10 06:00:00-04:00,577
1995-09-10 06:10:00-04:00,641
1995-09-10 06:20:00-04:00,507
1995-09-10 06:30:00-04:00,450
1995-09-10 06:40:00-04:00,518
1995-09-10 06:50:00-04:00,529
1995-09-10 07:00:00-04:00,678
1995-09-10 07:10:00-04:00,578
1995-09-10 07:20:00-04:00,931
1995-09-10 07:30:00-04:00,690
1995-09-10 07:40:00-04:00,603
1995-09-10 07:50:00-04:00,609
1995-09-10 08:00:00-04:00,795
1995-09-10 08:10:00-04:00,773
1995-09-10 08:20:00-04:00,753
1995-09-10 08:30:00-04:00,735
1995-09-10 08:40:00-04:00,657
1995-09-10 08:50:00-04:00,625
1995-09-10 09:00:00-04:00,721
1995-09-10 09:10:00-04:00,705
1995-09-10 09:20:00-04:00,788
1995-09-10 09:30:00-04:00,1109
1995-09-10 09:40:00-04:00,1035
1995-09-10 09:50:00-04:00,884
1995-09-10 10:00:00-04:00,1075
1995-09-10 10:10:00-04:00,1102
1995-09-10 10:20:00-04:00,1037
1995-09-10 10:30:00-04:00,1269
1995-09-10 10:40:00-04:00,1119
1995-09-10 10:50:00-04:00,1423
1995-09-10 11:00:00-04:00,1342
1995-09-10 11:10:00-04:00,1704
1995-09-10 11:20:00-04:00,1299
1995-09-10 11:30:00-04:00,1426
1995-09-10 11:40:00-04:00,1314
1995-09-10 11:50:00-04:00,1712
1995-09-10 12:00:00-04:00,1430
1995-09-10 12:10:00-04:00,1381
1995-09-10 12:20:00-04:00,1442
1995-09-10 12:30:00-04:00,1541
1995-09-10 12:40:00-04:00,1104
1995-09-10 12:50:00-04:00,1362
1995-09-10 13:00:00-04:00,1749
1995-09-10 13:10:00-04:00,1578
1995-09-10 13:20:00-04:00,1617
1995-09-10 13:30:00-04:00,1370
1995-09-10 13:40:00-04:00,1624
1995-09-10 13:50:00-04:00,1292
1995-09-10 14:00:00-04:00,1302
1995-09-10 14:10:00-04:00,1246
1995-09-10 14:20:00-04:00,1898
1995-09-10 14:30:00-04:00,1791
1995-09-10 14:40:00-04:00,1620
1995-09-10 14:50:00-04:00,1905
1995-09-10 15:00:00-04:00,1809
1995-09-10 15:10:00-04:00,1619
1995-09-10 15:20:00-04:00,1283
1995-09-10 15:30:00-04:00,1319
1995-09-10 15:40:00-04:00,1365
1995-09-10 15:50:00-04:00,1684
1995-09-10 16:00:00-04:00,1247
1995-09-10 16:10:00-04:00,1942
1995-09-10 16:20:00-04:00,1490
1995-09-10 16:30:00-04:00,1622
1995-09-10 16:40:00-04:00,1801
1995-09-10 16:50:00-04:00,2145
1995-09-10 17:00:00-04:00,2212
1995-09-10 17:10:00-04:00,1839
1995-09-10 17:20:00-04:00,1983
1995-09-10 17:30:00-04:00,1544
1995-09-10 17:40:00-04:00,1760
1995-09-10 17:50:00-04:00,1980
1995-09-10 18:00:00-04:00,2290
1995-09-10 18:10:00-04:00,1547
1995-09-10 18:20:00-04:00,1563
1995-09-10 18:30:00-04:00,1896
1995-09-10 18:40:00-04:00,1785
1995-09-10 18:50:00-04:00,1864
1995-09-10 19:00:00-04:00,1562
1995-09-10 19:10:00-04:00,2029
1995-09-10 19:20:00-04:00,1793
1995-09-10 19:30:00-04:00,1764
1995-09-10 19:40:00-04:00,1552
1995-09-10 19:50:00-04:00,1527
1995-09-10 20:00:00-04:00,1756
1995-09-10 20:10:00-04:00,1830
1995-09-10 20:20:00-04:00,1664
1995-09-10 20:30:00-04:00,1674
1995-09-10 20:40:00-04:00,1466
1995-09-10 20:50:00-04:00,1683
1995-09-10 21:00:00-04:00,1736
1995-09-10 21:10:00-04:00,1468
1995-09-10 21:20:00-04:00,2021
1995-09-10 21:30:00-04:00,1638
1995-09-10 21:40:00-04:00,1859
1995-09-10 21:50:00-04:00,1685
1995-09-10 22:00:00-04:00,1610
1995-09-10 22:10:00-04:00,1821
1995-09-10 22:20:00-04:00,1880
1995-09-10 22:30:00-04:00,1655
1995-09-10 22:40:00-04:00,1654
1995-09-10 22:50:00-04:00,1438
1995-09-10 23:00:00-04:00,1628
1995-09-10 23:10:00-04:00,1471
1995-09-10 23:20:00-04:00,1459
1995-09-10 23:30:00-04:00,1551
1995-09-10 23:40:00-04:00,1284
1995-09-10 23:50:00-04:00,1551
